Size,Function,Min,Max,Average
1000,P12_human,0.005758100000093691,0.010813400000188267,0.006444112999834033
1000,P12_chatgpt,0.004674899999372428,0.007066199999826495,0.005343540000030771
10000,P12_human,0.06541210000068531,0.0726223999990907,0.06810746299997845
10000,P12_chatgpt,0.05386790000011388,0.0612197999998898,0.05717041900004915
1000000,P12_human,7.927698000001328,9.277759200000219,8.255069178999966
1000000,P12_chatgpt,6.836920300000202,8.56707859999915,7.132083711999985
