Size,Function,Min,Max,Average
1000,P13_human,8.80E-06,1.46E-05,9.39E-06
1000,P13_chatgpt,4.05E-05,6.33E-05,4.34E-05
10000,P13_human,8.80E-06,1.41E-05,1.00E-05
10000,P13_chatgpt,0.0003424,0.0005713,0.000389745
1000000,P13_human,9.90E-06,2.38E-05,1.16E-05
1000000,P13_chatgpt,0.0361944,0.0464413,0.038264052
,,,,
,,,,
,,,,
,,,,
