Size,Function,Min,Max,Average
1000,P14_human,0.0028062,0.003614,0.00303897
1000,P14_chatgpt,0.002842,0.0035185,0.003050994
10000,P14_human,0.0303292,0.034309,0.032183452
10000,P14_chatgpt,0.0302042,0.0351379,0.032239443
1000000,P14_human,3.315636,3.85597,3.44402672
1000000,P14_chatgpt,3.4229985,3.713443,3.524908852
