Size,Function,Min,Max,Average
100,P15_human,1.3799999578623101e-05,0.5089794999985315,0.1363744709999628
100,P15_chatgpt,1.5300000086426735e-05,0.03007869999964896,0.010053727000049549
200,P15_human,1.2000000424450263e-05,4.125299799999993,1.0231719735000389
200,P15_chatgpt,1.340000017080456e-05,0.12103690000003553,0.04075200500008577
300,P15_human,1.2200000128359534e-05,15.148146699999415,3.6201835689999644
300,P15_chatgpt,1.3699998817173764e-05,0.29157820000000356,0.09423720333331706
