Size,Function,Min,Max,Average
1000,P1_human,0.004036400001496077,0.0050351000390946865,0.004301874005468562
1000,P1_chatgpt,0.000282399938441813,0.00036559998989105225,0.00029510100022889674
10000,P1_human,0.041227399953641,0.04728960001375526,0.04347109599621035
10000,P1_chatgpt,0.002823399961926043,0.004277599975466728,0.003095543998060748
1000000,P1_human,9.372778099961579,13.088961999979801,10.30473359499476
1000000,P1_chatgpt,4.22023730003275,6.074576299986802,4.558574841005029
