Size,Function,Min,Max,Average
1000,P2_human,0.0002785,0.0004582,0.000301037
1000,P2_chatgpt,3.37E-05,0.0040302,0.001541431
10000,P2_human,0.0025869,0.0032036,0.002822321
10000,P2_chatgpt,5.38E-05,0.0396964,0.014888093
1000000,P2_human,4.0985841,6.2610937,4.46674696
1000000,P2_chatgpt,0.224001,32.2345499,10.68026302
