Size,Function,Min,Max,Average
1000,P3_human,0.0046576,0.0061394,0.005039862
1000,P3_chatgpt,0.0066853,0.0084975,0.007172321
10000,P3_human,0.0428899,0.0556828,0.046637225
10000,P3_chatgpt,0.1088607,0.1199916,0.112360343
1000000,P3_human,9.5483104,12.746579,10.56482934
1000000,P3_chatgpt,36.0117368,51.2068662,38.29024939
