Size,Function,Min,Max,Average
1000,P5_human,0.0042640000000000455,0.004917000000000005,0.004438902000000003
1000,P5_chatgpt,0.004158299999999948,0.004741800000000074,0.0043728750000000035
10000,P5_human,0.04753840000000009,0.06464249999999994,0.050502383000000005
10000,P5_chatgpt,0.05243679999999995,0.07274609999999981,0.05555986699999995
1000000,P5_human,19.626655200000187,28.580720099999994,22.63897996400001
1000000,P5_chatgpt,17.72370329999967,26.107197900000017,20.191813917999976
