Size,Function,Min,Max,Average
1000,P6_human,0.001234400027897209,0.0020957000087946653,0.0013358690036693588
1000,P6_chatgpt,0.21143810002831742,0.22273639997001737,0.21582523399905768
3000,P6_human,0.006313699996098876,0.007869300025049597,0.006832378002000042
3000,P6_chatgpt,1.8925747000030242,1.9549033000366762,1.916863866999047
5000,P6_human,0.017510199977550656,0.020031699968967587,0.018856898002559318
5000,P6_chatgpt,5.269377100048587,5.354712100001052,5.314568965001963
