Size,Function,Min,Max,Average
1000,P7_human,0.06402880000001687,0.08991989999998395,0.07098077400000363
1000,P7_chatgpt,0.08937559999998257,0.12412630000000036,0.09713602700000194
3000,P7_human,0.2269663999999807,0.28401539999998704,0.2454969480000011
3000,P7_chatgpt,0.3116574000000014,0.36600129999999353,0.32817542699999763
5000,P7_human,0.4058829999999034,0.5411916000000474,0.44481249599999956
5000,P7_chatgpt,0.5564867000000504,0.650497400000063,0.5875723640000023
