Size,Function,Min,Average,Max
1000,0_p10_auto_maximum_product_subarray_strategy,0.036321100080385804,0.061189267201581965,0.10175509995315224
2000,0_p10_auto_maximum_product_subarray_strategy,0.13536129996646196,0.18465639919822568,0.2820563999703154
5000,0_p10_auto_maximum_product_subarray_strategy,0.4940110999159515,0.9382392347006826,1.3677399000152946
1000,1_p10_auto_maximum_product_subarray_strategy,0.05544109991751611,0.07682078710047062,0.08136940002441406
2000,1_p10_auto_maximum_product_subarray_strategy,0.23374549997970462,0.23993617390224245,0.27834650001022965
5000,1_p10_auto_maximum_product_subarray_strategy,0.7014898000052199,1.2705684220994589,1.4008805999765173
