Size,Function,Min,Average,Max
1000,0_p11_auto_find_middle_element_linkedlist_subarray_strategy,0.0009454000974074006,0.0012099482201867633,0.002208599937148392
10000,0_p11_auto_find_middle_element_linkedlist_subarray_strategy,0.009829399990849197,0.012716248335006335,0.014729900052770972
100000,0_p11_auto_find_middle_element_linkedlist_subarray_strategy,0.12124090001452714,0.14189910911489279,0.16013289999682456
1000,1_p11_auto_find_middle_element_linkedlist_subarray_strategy,0.001021200092509389,0.001228622900438495,0.0016780000878497958
10000,1_p11_auto_find_middle_element_linkedlist_subarray_strategy,0.011981999967247248,0.013591150000574998,0.015162399969995022
100000,1_p11_auto_find_middle_element_linkedlist_subarray_strategy,0.13597279996611178,0.14897239429992623,0.17655149998608977
