Size,Function,Min,Average,Max
1000,0_p12_auto_detect_ loop_in_linkedlist_strategy_ChatGPT_prompts,0.00486780000210274,0.005892050499736798,0.007962700008647516
10000,0_p12_auto_detect_ loop_in_linkedlist_strategy_ChatGPT_prompts,0.05714579999039415,0.06518659749983637,0.10077040000760462
100000,0_p12_auto_detect_ loop_in_linkedlist_strategy_ChatGPT_prompts,0.6251377000007778,0.695120075400002,0.8879357999976492
1000,1_p12_auto_detect_ loop_in_linkedlist_strategy_ChatGPT_prompts,0.004646599991247058,0.0055560362998803604,0.007564200001070276
10000,1_p12_auto_detect_ loop_in_linkedlist_strategy_ChatGPT_prompts,0.05493090000527445,0.06251200360014628,0.08680409999215044
100000,1_p12_auto_detect_ loop_in_linkedlist_strategy_ChatGPT_prompts,0.6074999999982538,0.6693021432002569,0.8676111999957357
