Size,Function,Min,Average,Max
1000,0_p12_auto_detect_ loop_in_linkedlist_strategy_ChatGPT_prompts,0.002642699982970953,0.0035132546977838497,0.0060258000157773495
10000,0_p12_auto_detect_ loop_in_linkedlist_strategy_ChatGPT_prompts,0.029676000005565584,0.037340025297831744,0.05497830000240356
100000,0_p12_auto_detect_ loop_in_linkedlist_strategy_ChatGPT_prompts,0.34415669995360076,0.40624351819744337,0.5644529999699444
1000,1_p12_auto_detect_ loop_in_linkedlist_strategy_ChatGPT_prompts,0.002662800019606948,0.0032171688011148948,0.004504999960772693
10000,1_p12_auto_detect_ loop_in_linkedlist_strategy_ChatGPT_prompts,0.031268700025975704,0.03482134390191641,0.03902140003629029
100000,1_p12_auto_detect_ loop_in_linkedlist_strategy_ChatGPT_prompts,0.3683193000033498,0.39286004990362555,0.41231420007534325
