Size,Function,Min,Average,Max
1000,0_p13_auto_revere_linkedlist_strategy,2.180004958063364e-05,2.8575799311511216e-05,9.109999518841505e-05
10000,0_p13_auto_revere_linkedlist_strategy,0.00018580001778900623,0.00024663059832528235,0.0004711000947281718
1000000,0_p13_auto_revere_linkedlist_strategy,0.020067399949766695,0.029094493402633814,0.04122240003198385
1000,1_p13_auto_revere_linkedlist_strategy,2.4900073185563087e-05,2.8468800359405577e-05,6.620003841817379e-05
10000,1_p13_auto_revere_linkedlist_strategy,0.00019049993716180325,0.00022644359781406821,0.0005347999976947904
1000000,1_p13_auto_revere_linkedlist_strategy,0.020840000011958182,0.027239351000403984,0.03980000002775341
