Size,Function,Min,Average,Max
1000,0_p14_auto_find_length_linkedList_strategy,0.002795499996864237,0.0032186672996176633,0.005476999998791143
10000,0_p14_auto_find_length_linkedList_strategy,0.0305130999913672,0.03387076230022649,0.047630800007027574
1000000,0_p14_auto_find_length_linkedList_strategy,3.393434800003888,3.6354771499999776,4.466175299996394
1000,1_p14_auto_find_length_linkedList_strategy,0.0028036000003339723,0.0030769457998685535,0.004113400005735457
10000,1_p14_auto_find_length_linkedList_strategy,0.030332399997860193,0.03265016509986891,0.035492700000759214
1000000,1_p14_auto_find_length_linkedList_strategy,3.2996991999971215,3.454872657999586,3.596972999992431
