Size,Function,Min,Average,Max
1000,0_p14_auto_find_length_linkedList_strategy,0.002781300001515774,0.003144670699954076,0.00408889999926032
10000,0_p14_auto_find_length_linkedList_strategy,0.03153139999994892,0.034158279299952486,0.043520699999135104
1000000,0_p14_auto_find_length_linkedList_strategy,3.311117599998397,3.565218072800002,4.404811100001098
1000,1_p14_auto_find_length_linkedList_strategy,0.0028201000022818334,0.0030571429000210626,0.003744000001461245
10000,1_p14_auto_find_length_linkedList_strategy,0.031611500000508386,0.03350623430006635,0.036240200000975165
1000000,1_p14_auto_find_length_linkedList_strategy,3.3407120999982,3.4618807987000366,3.5664464000001317
