Size,Function,Min,Average,Max
1000,0_p15_auto_pascal_triangle_strategy,0.01874359999783337,0.025302431300864552,0.03313259989954531
10000,0_p15_auto_pascal_triangle_strategy,0.01848600001540035,0.025246641400735827,0.032877600053325295
1000000,0_p15_auto_pascal_triangle_strategy,0.017918099998496473,0.025244933500071058,0.03341160004492849
1000,1_p15_auto_pascal_triangle_strategy,0.025152599904686213,0.02723333740222733,0.03699419996701181
10000,1_p15_auto_pascal_triangle_strategy,0.025201299926266074,0.02722697850049008,0.03190090006683022
1000000,1_p15_auto_pascal_triangle_strategy,0.025117099983617663,0.027237271901103664,0.031500999932177365
