Size,Function,Min,Average,Max
1000,0_p1_auto_find_missing_number,0.00021219998598098755,0.0006247340016998351,0.0047200999688357115
10000,0_p1_auto_find_missing_number,0.001958400011062622,0.0063082331995246935,0.055594899924471974
100000,0_p1_auto_find_missing_number,0.10527499997988343,0.16679140669910703,0.5375009999843314
1000,1_p1_auto_find_missing_number,0.0002106999745592475,0.0013216211019316689,0.0067263999953866005
10000,1_p1_auto_find_missing_number,0.001975300023332238,0.013147923398413697,0.04676130006555468
100000,1_p1_auto_find_missing_number,0.10280019999481738,0.22683427089895125,0.5476219999836758
