Size,Function,Min,Average,Max
1000,0_p2_auto_find_duplicate_number,1.479999627918005e-05,0.0013422209001146255,0.00427579996176064
10000,0_p2_auto_find_duplicate_number,4.409998655319214e-05,0.01638720830064267,0.05381529999431223
100000,0_p2_auto_find_duplicate_number,0.00039219995960593224,0.2753827383999014,0.7965226999949664
1000,1_p2_auto_find_duplicate_number,1.3599987141788006e-05,0.0016577467976603654,0.004408199922181666
10000,1_p2_auto_find_duplicate_number,3.620004281401634e-05,0.019997919900924897,0.04971930000465363
100000,1_p2_auto_find_duplicate_number,0.0005100000416859984,0.34109612810111134,0.9583024999592453
