Size,Function,Min,Average,Max
200,0_p3_auto_find_n_smallest_number,0.0006410999922081828,0.029912197335700823,0.0931855000089854
300,0_p3_auto_find_n_smallest_number,0.0008777999319136143,0.06493072611034019,0.30357970006298274
600,0_p3_auto_find_n_smallest_number,0.0016300000716000795,0.2574741804471705,0.8513137000845745
200,1_p3_auto_find_n_smallest_number,0.0005301999626681209,0.003670385333890509,0.012975200079381466
300,1_p3_auto_find_n_smallest_number,0.0007312999805435538,0.005229763554202186,0.021935800090432167
600,1_p3_auto_find_n_smallest_number,0.0014397000195458531,0.009798880776571523,0.03381709998939186
