Size,Function,Min,Average,Max
1000,0_p4_auto_sum_array_pairs,0.004029700066894293,0.0062768420008942494,0.0110082000028342
10000,0_p4_auto_sum_array_pairs,0.05470919993240386,0.07182495279680005,0.10616159997880459
100000,0_p4_auto_sum_array_pairs,0.8535365000134334,1.1234527662019242,1.5589456999441609
1000,1_p4_auto_sum_array_pairs,0.004290799959562719,0.004686175699462182,0.008695699973031878
10000,1_p4_auto_sum_array_pairs,0.05449219990987331,0.05835709919931832,0.06919250008650124
100000,1_p4_auto_sum_array_pairs,0.8355176999466494,0.8711654255003667,0.9954783999128267
