Size,Function,Min,Average,Max
1000,0_p5_auto_find_duplicates_list_strategy,0.0038601000005655806,0.04886070879999808,0.49708440000040355
2000,0_p5_auto_find_duplicates_list_strategy,0.008590299999923445,0.18537260139998352,1.9802185999997164
5000,0_p5_auto_find_duplicates_list_strategy,0.023851400000239664,1.114070547699999,11.647727499999746
1000,1_p5_auto_find_duplicates_list_strategy,0.003931000000193308,0.006036016899978677,0.012227400000483613
2000,1_p5_auto_find_duplicates_list_strategy,0.008697600000232342,0.012415063899983581,0.0190894000006665
5000,1_p5_auto_find_duplicates_list_strategy,0.024124900000060734,0.032388794899979076,0.04572180000013759
