Size,Function,Min,Average,Max
1000,0_p5_auto_find_duplicates_list_strategy,0.0032016000477597117,0.04475258229894098,0.4262204000260681
2000,0_p5_auto_find_duplicates_list_strategy,0.007175700040534139,0.1708611015025526,1.655681100091897
5000,0_p5_auto_find_duplicates_list_strategy,0.019213699968531728,1.0294720489002065,10.215939999907278
1000,1_p5_auto_find_duplicates_list_strategy,0.004880800028331578,0.005260669000563212,0.005812499905005097
2000,1_p5_auto_find_duplicates_list_strategy,0.010007400065660477,0.01063643920153845,0.011486300034448504
5000,1_p5_auto_find_duplicates_list_strategy,0.025570600060746074,0.026882096600369547,0.028992599924094975
