Size,Function,Min,Average,Max
1000,0_p6_auto_removingduplicates_strategy,0.0010103000095114112,0.0018801408981671554,0.004729800042696297
10000,0_p6_auto_removingduplicates_strategy,0.024628399987705052,0.034096853100112644,0.05688769998960197
100000,0_p6_auto_removingduplicates_strategy,0.5281248000683263,0.5879229101000819,0.7713418999919668
1000,1_p6_auto_removingduplicates_strategy,0.0010310000507161021,0.0011649436966981739,0.0015669000567868352
10000,1_p6_auto_removingduplicates_strategy,0.02810019999742508,0.030060565700405273,0.037276300019584596
100000,1_p6_auto_removingduplicates_strategy,0.5137092999648303,0.5439228296997026,0.667096099932678
