Size,Function,Min,Average,Max
1000,0_p7_auto_quicksort_strategy_ChatGPT_prompts,0.03818410006351769,0.07108269725198625,0.11110999993979931
10000,0_p7_auto_quicksort_strategy_ChatGPT_prompts,0.5465867999009788,0.9142645208787872,1.2531759000848979
100000,0_p7_auto_quicksort_strategy_ChatGPT_prompts,7.616381499916315,12.041022153116646,16.240545799955726
1000,1_p7_auto_quicksort_strategy_ChatGPT_prompts,0.04338060016743839,0.05945339740463532,0.10119309998117387
10000,1_p7_auto_quicksort_strategy_ChatGPT_prompts,0.5884251999668777,0.7781923563017045,1.2157819999847561
100000,1_p7_auto_quicksort_strategy_ChatGPT_prompts,7.781338300090283,10.323974766503088,15.961888900026679
