Size,Function,Min,Average,Max
1000,0_p7_auto_quicksort_strategy_ChatGPT_prompts,0.03861950000282377,0.06976832987420493,0.10154800000600517
10000,0_p7_auto_quicksort_strategy_ChatGPT_prompts,0.5560536000411958,0.9008299506235926,1.2291294999886304
100000,0_p7_auto_quicksort_strategy_ChatGPT_prompts,7.835548000060953,11.894039451127174,15.726070799981244
1000,1_p7_auto_quicksort_strategy_ChatGPT_prompts,0.0422777000349015,0.05061327110161072,0.09722039999905974
10000,1_p7_auto_quicksort_strategy_ChatGPT_prompts,0.5846554999006912,0.673407835900085,1.2011657999828458
100000,1_p7_auto_quicksort_strategy_ChatGPT_prompts,8.347127599990927,8.985552022002171,14.751477700076066
