Size,Function,Min,Average,Max
1000,0_p8_auto_reverse_list_strategy,2.6300000001810986e-05,0.02951304849999998,0.10609700000000544
2000,0_p8_auto_reverse_list_strategy,4.640000000222244e-05,0.05907280099999936,0.20319229999998356
5000,0_p8_auto_reverse_list_strategy,0.00011069999999335778,0.14740161779999977,0.5063880000000154
1000,1_p8_auto_reverse_list_strategy,0.0929079999999658,0.09790929100000219,0.11364100000002963
2000,1_p8_auto_reverse_list_strategy,0.18695510000003424,0.195903169400001,0.24362500000006548
5000,1_p8_auto_reverse_list_strategy,0.47750650000000405,0.490676501400001,0.5256056999999146
