Size,Function,Min,Average,Max
1000,0_p9_auto_countfrequency_strategy,0.0025123000086750835,0.00450696810039517,0.007438700005877763
10000,0_p9_auto_countfrequency_strategy,0.02960150000581052,0.04838229230046272,0.07547730000806041
100000,0_p9_auto_countfrequency_strategy,0.6296269000013126,0.8499794452004424,1.1565911000070628
1000,1_p9_auto_countfrequency_strategy,0.002545100011047907,0.00453194980029366,0.007521099993027747
10000,1_p9_auto_countfrequency_strategy,0.03012480000325013,0.05098278190010751,0.08064030000241473
100000,1_p9_auto_countfrequency_strategy,0.6297485999966739,0.9005127455001347,1.2919043000001693
