Size,Function,Min,Max,Average
1000,C1_removingduplicates_strategy_chatgpt_prompts1,0.2117201000219211,0.22108099999604747,0.2160463480022736
1000,C1_removingduplicates_strategy_chatgpt_prompts2,0.0011702000047080219,0.0021400999976322055,0.001343892995500937
1000,C1_removingduplicates_strategy_chatgpt_prompts3,0.006369300012011081,0.007149100012611598,0.006705577000393532
10000,C1_removingduplicates_strategy_chatgpt_prompts1,20.70248099998571,21.698906100005843,21.014659866994478
10000,C1_removingduplicates_strategy_chatgpt_prompts2,0.02797600004123524,0.032253799960017204,0.029782734999316746
10000,C1_removingduplicates_strategy_chatgpt_prompts3,0.06432910001603886,0.06934380001621321,0.06683180099935271
