Size,Function,Min,Max,Average
1000,C1_removingduplicates_strategy_chatgpt_prompts1,0.21209849999286234,0.2231568000279367,0.21580636799684727
1000,C1_removingduplicates_strategy_chatgpt_prompts2,0.001229099987540394,0.0017086999723687768,0.001332499003619887
1000,C1_removingduplicates_strategy_chatgpt_prompts3,0.0062701000133529305,0.007423900009598583,0.006663863999419845
3000,C1_removingduplicates_strategy_chatgpt_prompts1,1.8938473000307567,1.961687200004235,1.9168888299982063
3000,C1_removingduplicates_strategy_chatgpt_prompts2,0.006426100037060678,0.008197500021196902,0.006973072996479459
3000,C1_removingduplicates_strategy_chatgpt_prompts3,0.019821800000499934,0.023311799974180758,0.02063474200258497
5000,C1_removingduplicates_strategy_chatgpt_prompts1,5.216266000003088,5.325689600023907,5.266031773001305
5000,C1_removingduplicates_strategy_chatgpt_prompts2,0.017362500017043203,0.020110400044359267,0.01872973800287582
5000,C1_removingduplicates_strategy_chatgpt_prompts3,0.03128830000059679,0.0334104000357911,0.03230139799823519
