Size,Function,Min,Max,Average
1000,p13_revere_linkedlist_strategy_chatgpt_prompts1,4.199997056275606e-05,5.549995694309473e-05,4.4985004933550954e-05
1000,p13_revere_linkedlist_strategy_chatgpt_prompts2,9.499955922365189e-06,1.1999974958598614e-05,1.0082001099362969e-05
1000,p13_revere_linkedlist_strategy_chatgpt_prompts3,9.09995287656784e-06,2.629996743053198e-05,9.961003670468926e-06
10000,p13_revere_linkedlist_strategy_chatgpt_prompts1,0.0003738000523298979,0.000561299966648221,0.0004138490045443177
10000,p13_revere_linkedlist_strategy_chatgpt_prompts2,9.599956683814526e-06,1.1599971912801266e-05,1.0310003999620675e-05
10000,p13_revere_linkedlist_strategy_chatgpt_prompts3,9.399955160915852e-06,1.3199984095990658e-05,9.969999082386494e-06
1000000,p13_revere_linkedlist_strategy_chatgpt_prompts1,0.036178600043058395,0.04329990001861006,0.03992546299356036
1000000,p13_revere_linkedlist_strategy_chatgpt_prompts2,1.0399962775409222e-05,2.1999934688210487e-05,1.198700163513422e-05
1000000,p13_revere_linkedlist_strategy_chatgpt_prompts3,9.699957445263863e-06,1.470011193305254e-05,1.0778004070743919e-05
