Size,Function,Min,Max,Average
1000,p1_find_missing_number_strategy_chatgpt_prompts1,0.00028469995595514774,0.00042090006172657013,0.00030879000085406007
1000,p1_find_missing_number_strategy_chatgpt_prompts2,0.005233400035649538,0.0069911000318825245,0.005563932000659406
1000,p1_find_missing_number_strategy_chatgpt_prompts3,0.00034900009632110596,0.0004931000294163823,0.0003649360069539398
10000,p1_find_missing_number_strategy_chatgpt_prompts1,0.0025806999765336514,0.005656399996951222,0.0030107980011962352
10000,p1_find_missing_number_strategy_chatgpt_prompts2,0.0532897999510169,0.05953959992621094,0.05565877200220712
10000,p1_find_missing_number_strategy_chatgpt_prompts3,0.002916299970820546,0.003424599999561906,0.0030861150054261087
1000000,p1_find_missing_number_strategy_chatgpt_prompts1,0.9835521000204608,4.97672179993242,2.1638741119974294
1000000,p1_find_missing_number_strategy_chatgpt_prompts2,5.393265100079589,13.521363100036979,9.750565240005962
1000000,p1_find_missing_number_strategy_chatgpt_prompts3,0.5333010000176728,0.6665891000302508,0.5811482849961612
