Size,Function,Min,Max,Average
1000,p2_find_duplicate_number_strategy_chatgpt_prompts1,0.0004187999293208122,0.00396480003837496,0.0028301760053727775
1000,p2_find_duplicate_number_strategy_chatgpt_prompts2,3.370002377778292e-05,0.004526200005784631,0.0013745999964885414
1000,p2_find_duplicate_number_strategy_chatgpt_prompts3,0.01340389996767044,0.01806390006095171,0.014049967997707427
10000,p2_find_duplicate_number_strategy_chatgpt_prompts1,0.007277500000782311,0.042571600060909986,0.03176172200357542
10000,p2_find_duplicate_number_strategy_chatgpt_prompts2,0.0003635999746620655,0.046293599996715784,0.01650674199918285
10000,p2_find_duplicate_number_strategy_chatgpt_prompts3,0.18947859993204474,0.20296549994964153,0.19619198199827223
1000000,p2_find_duplicate_number_strategy_chatgpt_prompts1,0.8723075999878347,15.26153100002557,10.319568564995425
1000000,p2_find_duplicate_number_strategy_chatgpt_prompts2,0.052726299967616796,27.89770029997453,9.918281878994312
1000000,p2_find_duplicate_number_strategy_chatgpt_prompts3,87.41360550001264,97.32068390003406,90.81351278800167
