Size,Function,Min,Max,Average
2,P10_human,7.052719593048096e-05,0.00012982822954654694,8.316943421959877e-05
2,P10_chatgpt,6.201490759849548e-05,0.00013336725533008575,8.363256230950355e-05
3,P10_human,0.0032868217676877975,0.0067260731011629105,0.0058274704962968825
3,P10_chatgpt,0.00010142475366592407,0.05135715566575527,0.022556624226272106
4,P10_human,1.0431281831115484,2.183574426919222,1.8204150946810842
4,P10_chatgpt,0.0001423899084329605,21.72885264083743,8.87609284522012
