Size,Function,Min,Max,Average
1000,P11_human,1.55E-05,2.49E-05,1.63E-05
1000,P11_chatgpt,0.003081059,0.004060267,0.003174554
10000,P11_human,1.57E-05,3.04E-05,1.64E-05
10000,P11_chatgpt,0.031579617,0.033878153,0.03267793
1000000,P11_human,1.69E-05,5.36E-05,1.85E-05
1000000,P11_chatgpt,3.602632288,3.683553591,3.642802115
