Size,Function,Min,Max,Average
Size,Function,Min,Max,Average
1000,P14_human,0.002806199998303782,0.0036140000011073425,0.0030389699999795994
1000,P14_chatgpt,0.0028419999998732237,0.0035184999996999977,0.003050993999950151
10000,P14_human,0.030329200000778656,0.03430900000057591,0.03218345199986288
10000,P14_chatgpt,0.030204200000298442,0.03513789999851724,0.03223944300003495
1000000,P14_human,3.3156360000011773,3.855970000000525,3.444026719999929
1000000,P14_chatgpt,3.422998500000176,3.7134430000005523,3.5249088520001353
