Size,Function,Min,Max,Average
1000,P1_human,0.0039028999162837863,0.004950800095684826,0.004238738004351035
1000,P1_chatgpt,0.0002772000152617693,0.00047930004075169563,0.0003068190033081919
10000,P1_human,0.04085069999564439,0.047979400027543306,0.042597306998213756
10000,P1_chatgpt,0.0064962999895215034,0.007647100021131337,0.0069025129987858235
1000000,P1_human,4.283034899970517,4.676979799987748,4.420978196000215
1000000,P1_chatgpt,1.04343429999426,1.1392413000576198,1.0803423820005265
