Size,Function,Min,Max,Average
1000,P1_human,0.004030199954286218,0.0047697999980300665,0.004316863999702036
1000,P1_chatgpt,0.0002778999041765928,0.000444800010882318,0.00030227300128899515
10000,P1_human,0.04147439997177571,0.05070410005282611,0.04343531100195833
10000,P1_chatgpt,0.0028632000321522355,0.0037947000237181783,0.0031039090128615497
1000000,P1_human,9.618505500024185,13.094152399920858,10.505443097999086
1000000,P1_chatgpt,4.100166500080377,6.309560399968177,4.5793317490059415
