Size,Function,Min,Max,Average
1000,P4_human,0.016702399938367307,0.019598899991251528,0.017832548002479597
1000,P4_chatgpt,0.007603100035339594,0.008590099983848631,0.008138242998393252
10000,P4_human,0.17945120006334037,0.18916760000865906,0.18359994300291874
10000,P4_chatgpt,0.08169789996463805,0.09392160002607852,0.08538378700846806
1000000,P4_human,28.56788999994751,41.30894860008266,33.505625773004724
1000000,P4_chatgpt,19.25341570004821,32.6957464000443,23.80147209898685
