Size,Function,Min,Max,Average
500,P6_human,0.0010317321866750717,0.0014145039021968842,0.0011034764163196087
500,P6_chatgpt,0.09256831929087639,0.0967523455619812,0.0934001624211669
1000,P6_human,0.002093624323606491,0.0023547057062387466,0.002204305827617645
1000,P6_chatgpt,0.36633465252816677,0.3734558653086424,0.3703275338932872
1500,P6_human,0.005687257274985313,0.007419819012284279,0.006503863669931889
1500,P6_chatgpt,0.8253369126468897,0.8350799456238747,0.8301983508467674
