Size,Function,Min,Max,Average
1000,P8_human,0.0002592895179986954,0.00043956004083156586,0.0002770747803151608
1000,P8_chatgpt,0.00015377625823020935,0.000237269327044487,0.0001634335145354271
10000,P8_human,0.0026811249554157257,0.00296814925968647,0.002778928428888321
10000,P8_chatgpt,0.0017633959650993347,0.0019905660301446915,0.0018409476056694984
1000000,P8_human,0.8056155387312174,0.8708811886608601,0.8383965266495943
1000000,P8_chatgpt,0.6220998167991638,0.6534540299326181,0.6385332604497671
