Size,Function,Min,Max,Average
1000,P9_human,0.0034265387803316116,0.004687599837779999,0.003580051586031914
1000,P9_chatgpt,0.005160259082913399,0.006257200613617897,0.0053076003864407535
10000,P9_human,0.045171136036515236,0.049244433641433716,0.04683378333225846
10000,P9_chatgpt,0.06331314705312252,0.06802786327898502,0.06526900066062807
1000000,P9_human,9.995888179168105,10.287343453615904,10.122370548695326
1000000,P9_chatgpt,13.468594070523977,13.788187654688954,13.603187517002224
