Size,Function,Min,Average,Max
1000,p10_auto_maximum_product_subarray_strategy_chatgpt_prompts1,0.08144190000166418,0.0849413970002206,0.09143570000014734
1000,p10_auto_maximum_product_subarray_strategy_chatgpt_prompts2,0.04490839999925811,0.046879971999660486,0.05398299999797018
10000,p10_auto_maximum_product_subarray_strategy_chatgpt_prompts1,4.627960599995276,4.712706606999855,4.87798599999951
10000,p10_auto_maximum_product_subarray_strategy_chatgpt_prompts2,2.349277700006496,2.396102895000149,2.5059135999981663
20000,p10_auto_maximum_product_subarray_strategy_chatgpt_prompts1,9.420902999998361,17.601190379000254,18.238586600004055
20000,p10_auto_maximum_product_subarray_strategy_chatgpt_prompts2,4.741997999997693,8.908283272000409,9.211833499997738
