Size,Function,Min,Average,Max
1000,p11_auto_find_middle_element_linkedlist_strategy_chatgpt_prompts1,0.0023013000027276576,0.002653612000285648,0.003184400004101917
1000,p11_auto_find_middle_element_linkedlist_strategy_chatgpt_prompts2,0.002267399991978891,0.0026370639992819634,0.0033258000039495528
10000,p11_auto_find_middle_element_linkedlist_strategy_chatgpt_prompts1,0.026492599994526245,0.029247787999775027,0.03352690000610892
10000,p11_auto_find_middle_element_linkedlist_strategy_chatgpt_prompts2,0.025917300008586608,0.029062017000833294,0.03204900000127964
1000000,p11_auto_find_middle_element_linkedlist_strategy_chatgpt_prompts1,3.2151570999994874,3.346395913999586,3.451547999997274
1000000,p11_auto_find_middle_element_linkedlist_strategy_chatgpt_prompts2,3.1936576000007335,3.3385388570006764,3.4325944000011077
