Size,Function,Min,Average,Max
1000,p12_auto_detect_ loop_in_linkedlist_strategy_chatgpt_prompts1,0.005246499989880249,0.005974477000563638,0.007190400006948039
1000,p12_auto_detect_ loop_in_linkedlist_strategy_chatgpt_prompts2,0.004739099997095764,0.005416865000443067,0.008303299997351132
10000,p12_auto_detect_ loop_in_linkedlist_strategy_chatgpt_prompts1,0.06052260000433307,0.06405287899979158,0.06748250000237022
10000,p12_auto_detect_ loop_in_linkedlist_strategy_chatgpt_prompts2,0.05369359999895096,0.05764895999949658,0.06075440000859089
1000000,p12_auto_detect_ loop_in_linkedlist_strategy_chatgpt_prompts1,7.200939900008962,7.391811628000578,7.936971700008144
1000000,p12_auto_detect_ loop_in_linkedlist_strategy_chatgpt_prompts2,6.623013899996295,6.811708319000318,7.046475299997837
