Size,Function,Min,Average,Max
1000,p13_auto_revere_linkedlist_strategy_chatgpt_prompts1,9.800001862458885e-06,1.0316000843886287e-05,1.1500000255182385e-05
1000,p13_auto_revere_linkedlist_strategy_chatgpt_prompts2,4.3499996536411345e-05,4.630200026440434e-05,6.289999873843044e-05
10000,p13_auto_revere_linkedlist_strategy_chatgpt_prompts1,1.0000003385357559e-05,1.0819001035997644e-05,1.309999788645655e-05
10000,p13_auto_revere_linkedlist_strategy_chatgpt_prompts2,0.0003623999946285039,0.0004023589997086674,0.0006698999932268634
1000000,p13_auto_revere_linkedlist_strategy_chatgpt_prompts1,1.0499992640689015e-05,1.280799973756075e-05,2.1500003640539944e-05
1000000,p13_auto_revere_linkedlist_strategy_chatgpt_prompts2,0.036405299993930385,0.038919679999817165,0.04514640000707004
