Size,Function,Min,Average,Max
1000,p14_auto_find_length_linkedList_strategy_chatgpt_prompts1,0.0028618999931495637,0.0030387150002934506,0.0033697000035317615
1000,p14_auto_find_length_linkedList_strategy_chatgpt_prompts2,0.0029147999885026366,0.0030588809995970223,0.003348300000652671
10000,p14_auto_find_length_linkedList_strategy_chatgpt_prompts1,0.03024120000191033,0.03218773000058718,0.036648900000727735
10000,p14_auto_find_length_linkedList_strategy_chatgpt_prompts2,0.030026400010683574,0.03218060000013793,0.033596099994610995
1000000,p14_auto_find_length_linkedList_strategy_chatgpt_prompts1,3.3189133999985643,3.4356562549996306,3.5740820999926655
1000000,p14_auto_find_length_linkedList_strategy_chatgpt_prompts2,3.3554105999937747,3.5296771519994947,3.689136299988604
