Size,Function,Min,Average,Max
1000,p4_auto_sum_array_pairs_number_strategy_chatgpt_prompts1,0.00880729999698815,0.009523980999983906,0.01123110000116867
1000,p4_auto_sum_array_pairs_number_strategy_chatgpt_prompts2,0.007514099997933954,0.008133118999903672,0.01051980000192998
10000,p4_auto_sum_array_pairs_number_strategy_chatgpt_prompts1,0.09413270000004559,0.09795079199950124,0.10467410000273958
10000,p4_auto_sum_array_pairs_number_strategy_chatgpt_prompts2,0.08135780000156956,0.08492275899974629,0.08981389999826206
1000000,p4_auto_sum_array_pairs_number_strategy_chatgpt_prompts1,19.52209849999781,22.486150982999934,25.65881900000386
1000000,p4_auto_sum_array_pairs_number_strategy_chatgpt_prompts2,19.256923400000233,21.997327182999943,24.222325899994757
