Size,Function,Min,Average,Max
1000,p9_auto_countfrequency_strategy_chatgpt_prompts1,0.004451800006791018,0.004758080999890808,0.006668800000625197
1000,p9_auto_countfrequency_strategy_chatgpt_prompts2,0.00451959999918472,0.004756226999743376,0.006266999997023959
10000,p9_auto_countfrequency_strategy_chatgpt_prompts1,0.04901329999847803,0.05110068500020134,0.06096880000404781
10000,p9_auto_countfrequency_strategy_chatgpt_prompts2,0.049160200003825594,0.05114371600015147,0.055503999996290077
1000000,p9_auto_countfrequency_strategy_chatgpt_prompts1,11.735158999996202,12.551769515000052,13.622791699999652
1000000,p9_auto_countfrequency_strategy_chatgpt_prompts2,11.76457649999793,12.590506445999853,13.971132200000284
